{
  "urls": [
    "ch1.mp3",
    "ch1.ogg",
    "ch1.m4a"
  ],
  "sprite": {
    "silence": [
      0,
      1000,
      true
    ],
    "BetDown": [
      1050,
      2215.5102040816328
    ],
    "CashWin": [
      4100,
      4187.7324263038545
    ],
    "Match": [
      9150,
      2280.272108843537
    ],
    "MusicTermLose": [
      12200,
      1904.761904761905
    ],
    "MusicTermWin": [
      14250,
      3396.916099773243
    ],
    "Reveal02": [
      18300,
      1114.8752834467111
    ],
    "Ruby01": [
      20350,
      650.4535147392296
    ]
  }
}