{
  "urls": [
    "ch3.mp3",
    "ch3.ogg",
    "ch3.m4a"
  ],
  "sprite": {
    "silence": [
      0,
      1000,
      true
    ],
    "BetMax": [
      1050,
      2569.546485260771
    ],
    "Reveal01": [
      4100,
      1375.0793650793653
    ],
    "Ruby01": [
      6150,
      650.4535147392287
    ],
    "SpinButton": [
      7200,
      2999.999999999999
    ]
  }
}