{
  "urls": [
    "ch4.mp3",
    "ch4.ogg",
    "ch4.m4a"
  ],
  "sprite": {
    "silence": [
      0,
      1000,
      true
    ],
    "BuyButton": [
      1050,
      3546.1678004535147
    ],
    "Click": [
      5100,
      310.56689342403666
    ],
    "Reveal02": [
      6150,
      1114.875283446712
    ],
    "Reveal03": [
      8200.000000000002,
      1317.4149659863942
    ],
    "RevealAllButton": [
      10250,
      1689.569160997733
    ],
    "Ruby03": [
      12300,
      842.9931972789113
    ],
    "SpinLoop": [
      13350,
      4400
    ],
    "YourNumberSelect": [
      18400,
      1600.0000000000014
    ]
  }
}