{
  "urls": [
    "ch5.mp3",
    "ch5.ogg",
    "ch5.m4a"
  ],
  "sprite": {
    "silence": [
      0,
      1000,
      true
    ],
    "Reveal04": [
      1050,
      1523.0839002267576
    ],
    "WinningNumberSelect2": [
      3100.0000000000005,
      2250
    ],
    "YourNumberSelect3": [
      6150,
      1599.9999999999995
    ]
  }
}