{
  "urls": [
    "ch9.mp3",
    "ch9.ogg",
    "ch9.m4a"
  ],
  "sprite": {
    "silence": [
      0,
      1000,
      true
    ],
    "Ruby04": [
      1050,
      607.6417233560092
    ],
    "WinRollTerm ": [
      2100,
      1708.344671201814
    ]
  }
}