{
  "urls": [
    "ch10.mp3",
    "ch10.ogg",
    "ch10.m4a"
  ],
  "sprite": {
    "silence": [
      0,
      1000,
      true
    ],
    "BonusTransition": [
      1050,
      4730.022675736962
    ],
    "BonusTriggered": [
      6100,
      3264.7845804988656
    ],
    "LoseLife": [
      10149.999999999998,
      1840.3401360544221
    ]
  }
}