{
  "urls": [
    "ch2.mp3",
    "ch2.ogg",
    "ch2.m4a"
  ],
  "sprite": {
    "silence": [
      0,
      1000,
      true
    ],
    "7Win01": [
      1050,
      1673.9682539682537
    ],
    "ArrowWin": [
      3099.9999999999995,
      3229.682539682539
    ],
    "BetUp": [
      7149.999999999999,
      2308.956916099773
    ]
  }
}